name,address,city,state,postal,websites,phone
RITE RUG CO INC,3949 BUSINESS PARK DR,COLUMBUS,OH,43204,http://www.riterug.com/,(614) 261-1606
SOVEREIGN DISTRIBUTORS INC,ATTN: ACCOUNTS PAYABLE,CHERRY HILL,NJ,8003,N/A,(856) 834-4530
JACKS CARPET INC,8433 GULF FWY,HOUSTON,TX,77017,http://www.jackscarpet.com/,(713) 640-0111
KELLYS CARPETS,4600 SOUTH 90TH STREET,OMAHA,NE,68127,http://www.therugshopomaha.com/,(402) 593-3714
SSC CORP DBA Flooring Gallery,11335 MEREDITH DR,URBANDALE,IA,50322,http://www.flooringgallery.com/,(515) 270-0008
GREAT LAKES CARPET & TILE LLC,13553 N US HIGHWAY 441,LADY LAKE,FL,32159-8906,http://www.greatlakescarpet.com/,(352) 330-0480
MC NABB DONALD E COMPANY INC,31250 S MILFORD RD,MILFORD,MI,48381,http://www.demcnabb.com/,(248) 437-7814
FLOOR STORE INC,D/B/A FLOOR STORE,RICHMOND,CA,94804-5827,http://www.floorstores.com/,(510) 527-7320
WAREHOUSE CARPET & FURNITURE,OUTLET INC,JOHNSON CITY,NY,13790,http://www.warehousecpt.com/,(607) 797-7504
JEK CARPET CORPORATION,DOLPHIN CARPET & TILE,DORAL,FL,33122,http://www.dolphincarpet.com/,(305) 591-1414
"HOME CARPET INVESTMENT, INC.",DBA/AMERICAS FINEST CARPET CO,CHULA VISTA,CA,91911,N/A,(619) 262-2804
MANASOTA FLOORING INC,4551 N WASHINGTON BLVD,SARASOTA,FL,34234,http://www.manasotaonline.com,(941) 355-5843
CARPET CORNER INC,900 MINNESOTA AVE,KANSAS CITY,KS,66101,http://carpetcorneronline.com/,(913) 342-2412
C CARPET INC,CC CARPET INC,DALLAS,TX,75247,http://www.cccarpet.com,(214) 631-1070
MALKINS CARPETS INC,N95W17055 RICHFIELD WAY,MENOMONEE FALLS,WI,53051,http://www.malkinscarpets.com/,(262) 255-5140
OLSON RUG CO,832 S CENTRAL AVE,CHICAGO,IL,60644,http://www.olsonrug.com,(773) 921-1130
BARRINGTON CARPET & FLR DESIGN,BARRINGTON CARPET LLC,AKRON,OH,44312,http://www.barringtoncarpet.com/,(330) 896-6414
ISSIS AND SONS,2858 HIGHWAY 31 S,PELHAM,AL,35124,http://www.issisandsonsrugs.com/,(205) 663-3231
CAPITOL CARPET INC,500 INDUSTRIAL WAY,BOYNTON BEACH,FL,33426-8770,http://www.capitolcarpetandtile.com/,(561) 533-3980
MCCOOL'S CARPET INC,333 S COUNTY ROAD 00 EW,KOKOMO,IN,46902,http://www.mccoolsflooring.com/,(765) 453-3303
STONERIDGE CARPETS,16838 STATE HIGHWAY 13,REEDS SPRING,MO,65737,http://www.stoneridgecarpets.com/,(417) 272-2815
HADINGER CARPET CO OF NAPLES,HADINGER CARPET,NAPLES,FL,34109,http://hadingerflooring.com/,(239) 566-6710
NIC/LOR FLOORS,SWINEA GARY,CHANTILLY,VA,20151-1691,http://www.nic-lorfloors.com/,(703) 968-8649
LONG AFFAIR CARPET & RUG INC,L.A. CARPET & RUG,IRVINE,CA,92618,N/A,(714) 979-9062
FANTASTIC FLOORS INC,451 COMMERCE DR STE 100,WOODBURY,MN,55125,http://www.fantafloors.net/,(651) 739-9710
NIELSEN BROS & SONS INC,PO BOX 70524,SEATTLE,WA,98107,http://www.nbfloors.com/,(206) 783-3545
MID TEX OF MIDLAND INC,5206 W WADLEY AVE,MIDLAND,TX,79707,www.midtexofmidland.com,(432) 697-7228
AFFORDABLE FLRS OF NY INC,1 DALFONSO RD,NEWBURGH,NY,12550,http://www.affordable-floors.com/,(845) 565-5200
DALTON WEST OF NEWNAN INC,7 JEFFERSON PKWY,NEWNAN,GA,30263,http://www.daltonwest.com,(770) 251-1063
CARPET BONANZA INC/JDM,11108 CHICAGO DR,ZEELAND,MI,49464,http://www.carpetbonanza.com/,(616) 396-6276
NONNS FLOORING INC,7550 GRABER RD,MIDDLETON,WI,53562-1002,http://www.nonnsdesignshowplace.com/,(608) 836-6883
SUPREME CARPET SALES INC,1392 S VALLEY CENTER DR,BAY CITY,MI,48706,http://supremefloors.com/,(989) 684-4888
FGD CORPORATION,COUNTRY CARPET,BRYANS ROAD,MD,20616-4266,N/A,(301) 283-3080
CARPET WEAVERS INC,902 S ELDORADO RD,BLOOMINGTON,IL,61704,www.carpetweaversflooring.com,(309) 834-4360
R-TWO CORPORATION,THE FLOORING CENTER,ORLANDO,FL,32810,http://www.flooringcenterorlando.com/,(407) 660-0840
FLEMING CARPET DISTRIBUTORS,1190 KENNESTONE CIR STE 130,MARIETTA,GA,30066,http://www.flemingcarpet.com/,(770) 420-0300
STEAMOUT CARPET CLEANING,35 BUICK ST,SAN ANGELO,TX,76901,http://www.floorstorebysteamout.com/,(325) 949-9361
CAROLINA CARPET,5223 RAEFORD ST,FAYETTEVILLE,NC,28304,http://www.carolinacarpetfloors.com/,(910) 424-4017
BUDGET FLOORING,8805 CLAYSTONE COURT,LAS VEGAS,NV,89129,http://budgetflooringlv.com/,(702) 647-7380
FAMILY CARPET,RT. 14,BOAZ,WV,26187,http://www.familycarpetoneboaz.com/,(999) 999-9999
CAROLS CARPET INC,1640 N EASTERN BLVD,MONTGOMERY,AL,36117,http://carolscarpet.com/,(334) 272-2540
LOUDOUN CARPET CARE,LOUDOUN VALLEY FLOORS,PURCELLVILLE,VA,20132,http://www.loudounvalleyfloors.com/,(703) 777-7805
ONONDAGA FLOORING  INC,1510 N SALINA ST,SYRACUSE,NY,13208,www.onondagaflooring.com,(315) 471-1224
LEE APPLIANCE CO INC,593 ROUTE 3,PLATTSBURGH,NY,12901,http://www.leeappliance.com/,(518) 563-3090
LANDERS FLOORING,2601 MCHALE CT STE 140,AUSTIN,TX,78758,http://landerspremierflooring.com/,(512) 873-3947
THE MARKS ORGANIZATION,T/A LEADER CARPET SALES,NANUET,NY,10954,http://www.leadercarpet.com/Home/tabid/6361/Default.aspx,(845) 623-3343
CARPETIME INC,3564 LINCOLN WAY E,MASSILLON,OH,44646,www.carpetime.com,(330) 478-8210
CUSTOM FLOOR COVERINGS,2300 N MAIN ST STE C,NORTH LOGAN,UT,84341,N/A,(435) 755-5096
BAY STATE RUG DIST INC,671 GRATTAN ST,CHICOPEE,MA,1020,http://www.baystaterug.com/,(413) 533-3380
HOFFMANN FLOORS INC,710 LOOP 337,NEW BRAUNFELS,TX,78130,http://www.hoffmannfloors.com,(830) 625-5262
RICKS DISC CPT &FLR COV,6224 RICHMOND HWY,ALEXANDRIA,VA,22303-2438,http://www.rickscarpetandflooring.com/,(703) 765-5800
VALLEY FLOOR COVERING,562 RUBBER AVENUE,NAUGATUCK,CT,6770,http://valleyfloorcoveringct.com/,(203) 723-3697
D & F CARPET STORE PLUS,9366 FORD AVE,RICHMOND HILL,GA,31324,http://carpetstoreplus.com/,(912) 756-6686
CARPET KING INC,16438 VALLEY BLVD,LA PUENTE,CA,91744,http://www.carpetkingla.com/en/index.html,(626) 820-0055
BELLS CARPETS INC,BELL'S INTERIOR DESIGNS,RALEIGH,NC,27609,www.bellscarpets.com/,(919) 833-3570
JAMIES CARPETSHOP INC,DBA:JAMIE'S CARPETSHOP-AMHERST,SOUTH AMHERST,OH,44001,http://www.jamiescarpetshop.com/,(440) 986-6246
EMO CARPETS LLC,DBA/CARPET WAREHOUSE,EL PASO,TX,79903,N/A,(915) 565-5784
TROY CARPET INC,560 MAIN ST,TROY,MO,63379,http://www.troyfurnitureco.com/,(636) 528-8524
B & B GENERAL STORE,101 W PLUM,DONIPHAN,NE,68832,http://www.bandbcarpet.com/,(402) 845-5924
A&D CARPETS INC,MARTINEZ,AUGUSTA,GA,30907,http://aanddcarpets.com/,(706) 863-3887
RPM CARPETS,192 ROUTE 137,EAST HARWICH,MA,2645,http://www.rpmcarpets.com/,(508) 432-2415
ABOUT FLOORS N' MORE INC,14054 BEACH BLVD STE 3,JACKSONVILLE,FL,32250,http://www.aboutfloorsnmore.com/,(904) 726-6170
OLSON RUG COMPANY,DEBTOR IN POSSESSION,CHICAGO,IL,60644,http://www.olsonrug.com/,(773) 921-1130
JACK LAURIE FLOORS LLC,1828 S ANTHONY BLVD,FORT WAYNE,IN,46803-3606,http://www.jacklauriegroup.com,(260) 745-5397
OCEAN CITY FLOOR GALLERY,FLOOR GALLERY LLC,OCEAN CITY,MD,21842,http://www.ocfloorgallery.com/,(410) 213-3923
STRAIT FLOORS,141 N 7TH AVE,SEQUIM,WA,98382,http://straitfloors.com/,(360) 683-3434
SOUTHERN FLOORING & DESIGN LLC,1940 THOMASVILLE RD,TALLAHASSEE,FL,32303,http://www.southernflooring.net/,(850) 224-4985
THE FLOORING PLACE,1891 BOOT HILL CT,BOZEMAN,MT,59715-7245,www.theflooringplace.net/,(406) 587-7747
ALLMANS CARPET & DRAPERY,822 SO 500 WEST,BOUNTIFUL,UT,84010,N/A,(801) 292-2113
STOUTS CARPET INC,2 COUNTY ROAD 2050,OXFORD,MS,38655,www.stoutscarpets.com,(662) 234-4522
CARPET WEAVERS,(HARD SURFACE ONLY),SPRINGFIELD,IL,62704,http://www.cwfloorcare.com/,(217) 787-7060
SAIL-ON CARPETS INC,4655 RIDGE RD W,SPENCERPORT,NY,14559,http://www.sailoncarpets.com,(585) 352-2117
CENTRAL JERSEY FLOORING,3160 BORDENTOWN AVE STE 3,OLD BRIDGE,NJ,8857,N/A,(732) 828-8730
RANOBI CORPORATION,CARPET CONNECTION,PANAMA CITY,FL,32405,N/A,(850) 763-3170
PARAMOUNT RUG COMPANY INC,71 MANLEY ST,BROCKTON,MA,2301,http://www.paramountrug.com/,(508) 583-3502
"FURR HENDRON ENTERPRISES,INC.",HIGHLANDS FLOOR COVERINGS,FLAGSTAFF,AZ,86004,http://www.highlandsfloorcoverings.com/,(928) 774-4670
CARPET & FLOOR EXPRESS INC,1488 ROCKVILLE PIKE STE E,ROCKVILLE,MD,20852,http://www.carpetandfloorexpress.com/,(301) 231-1735
CALHOUN TILE & CARPET,MICHIGAN TILE & CARPET CO INC,BATTLE CREEK,MI,49015,http://www.michtile.com/,(269) 962-2622
COUTURE FLOORS,29157 INTERSTATE 10 W,BOERNE,TX,78006-9125,http://www.couturefloors.com/,(830) 981-1849
KEMPS CARPETS,GERALD KEMP,LA GRANGE,GA,30240,http://www.daltonwest.com/,(706) 812-2005
DE GOL ORGANIZATION THE LP,851 PLANK RD,DUNCANSVILLE,PA,16635,http://www.degolcarpet.com,(814) 695-5111
FUNCH INC,CRAFT RUG MILLS,EASTON,PA,18042,http://craftrugmills.biz/,(610) 258-8394
JIM OWENS CARPET CORP,4400 AIRLINE DR,METAIRIE,LA,70001-5661,http://www.jimowensflooring.com/,(504) 835-5696
SMILIN' SAM'S INC.,4358 ORCHARD RD,NEW HAVEN,MO,63068,http://www.smilinsams.net/,(573) 459-9648
JIMELLE INC,927 COUNTY ROAD 12,CORUNNA,IN,46730-9746,http://www.jimelleflooring.com,(260) 925-5999
GREAT WESTERN FLOORING CO,1051 FRONTENAC RD,NAPERVILLE,IL,60563,http://www.greatwesternflooring.com/,(630) 236-6220
DUGAN PAINTS INC,3103 ERIKA AVE,SEDALIA,MO,65302,www.duganpaints.com,(660) 826-6014
AMERICAN CARPET,2422 S EXPRESSWAY 83,HARLINGEN,TX,78552,http://www.intercarpets.com,(956) 421-1362
CARPET CASTLE INC,2926 TRANSIT RD,WEST SENECA,NY,14224,www.flooringcastle.com/,(716) 675-5919
HARPENAU ENTERPRISES INC,DBA WHITE'S FLOORING,WARSAW,IN,46580,http://whitesflooring.com/,(574) 269-9444
BARGAIN BARN INC.,DBA/CARPET PLUS,SAINT GEORGE,UT,84770,N/A,(435) 628-8087
DAGSBORO PAINT & WALLPAPER,NORTH MAIN ST,DAGSBORO,DE,19939,http://www.dagsboropaint.com/,(302) 732-2333
J & J BRANFORD INC,JOE'S FLOOR STORE,BRANFORD,CT,6405,N/A,(203) 483-3566
CARPET WEAVERS - PEORIA,8113 N KNOXVILLE AVE,PEORIA,IL,61615,http://www.carpetweaversflooring.com/,(309) 693-3730
"HUGHES FLOORCOVERING, INC.",4312 MONROE RD,CHARLOTTE,NC,28205,www.hughesfloorcovering.com,(704) 372-2748
EASTMAN CARPETS INC,4044 ARENDELL ST,MOREHEAD CITY,NC,28557,http://www.eastmancarpet.com/,(252) 726-6273
ONE STOP FLOOR SHOP INC,BESEDA PRO FLOORING,SAINT CHARLES,MO,63304,N/A,(636) 926-6998
"FINISHING TOUCH PNW, INC",14219 SMOKEY PT BLVD BLDG 16,ARLINGTON,WA,98223,http://www.finishingtouchpnw.com/,(360) 658-8012
ERIE COUNTY ENTERPRISES INC,JAMIE'S CARPETSHOP-SANDUSKY,AMHERST,OH,44001,N/A,(419) 624-4999
CARPET WEAVERS - BROWNBEE,616 W MARKETVIEW DR,CHAMPAIGN,IL,61822,http://www.carpetweaversflooring.com/,(217) 398-8180
FURNITURE DISTRIBUTORS INC,APOLLO FLOORING,TUCSON,AZ,85712,http://www.apolloflooring.com/,(520) 296-6541
LUBBOCK CARPET WORLD I INC,4015 34TH ST,LUBBOCK,TX,79410,http://www.lubbockcarpetworld.com/,(806) 792-2384
CITATION SECURITIES,DBA CARPET WORLD,AMARILLO,TX,79121,N/A,(806) 351-1270
FLOORING & MORE INC,2600 MORSE ST,JANESVILLE,WI,53545,www.flooringandmoreinc.com,(608) 757-7115
"FABULOUS FLOORS, INC",6546 W HIGHWAY 146,CRESTWOOD,KY,40014,http://www.fabulousfloors.biz/contact-us/,(502) 241-1879
RELIABLE FLOOR COVERING INC,542 MAIN ST,EDMONDS,WA,98020,www.reliablefloorcoverings.com,(425) 778-8112
ALEX BUSINESS GROUP,CARPET LAND,STOCKTON,CA,95212-2812,N/A,(209) 473-3308
WILSON CARPET PLUS INC,1718 N MAIN ST,SUMMERVILLE,SC,29483,http://www.wilsonscarpetplus.com/,(843) 569-9732
HOTEK HOLDINGS LTD,CENTRAL ALBERTA FLRINGS & INT,RED DEER,CN,T4P 1M6,N/A,(403) 342-2501
CHRISTOFF & SONS FLOOR COV,109 S ELM ST,JACKSON,MI,49203-1914,http://www.christoffs.com/,(517) 782-2197
HOCKEMEYER TODD K INC,K & N CARPET,FORT WAYNE,IN,46816,http://www.kncarpet.com/AboutUs/tabid/8715/Default.aspx,(260) 639-9359
CITY CARPET INC,CARPET MART,ASHTABULA,OH,44004,N/A,(440) 998-8223
EMPIRE CARPET AND DRAPERIES,10500 MCMULLEN CREEK PKWY,CHARLOTTE,NC,28226,N/A,(704) 541-1398
CARPET U S A,11143 W WASHINGTON BLVD,CULVER CITY,CA,90232,www.carpetusa.com,(323) 870-0378
MALOOLY'S CARPET CITY,MALOOLY GEORGETTE,LAS CRUCES,NM,88005,www.maloolys.com/,(575) 523-3063
PBK CARPET CORP,CARPET MILL OUTLET,EAST HANOVER,NJ,7936,http://ecarpetmill.com/,(973) 884-4206
SURDEL CARPETS LTD,13562 77TH AVE,SURREY,CN,V3W 6Y3,http://www.surdelcarpets.com/,(604) 591-1636
GREATWAY CARPETS INC,520 RT 9 N,MANALAPAN,NJ,7726,http://www.greatwaycarpets.com/,(732) 536-6313
RAYS CARPETS,VERISSIMO DAVID,MODESTO,CA,95356,http://www.rayscarpets.com/,(209) 577-7564
DELAIRS CARPET BARN INC,3998 ROUTE 2  BOX 56,EAST MONTPELIER,VT,5651,http://delairscarpetbarn.com/,(802) 223-3717
VONDERHEIDE FLOOR COVERING,105 N 14TH ST,PEKIN,IL,61554,http://www.vonderheide-flooring.com/index.php,(309) 346-6368
INTERIOR DESIGN INC,1551 SOUTH HOLMEN DR,HOLMEN,WI,54636-0128,http://interiordesignswi.com,(608) 526-6338
CARPET II INC.,PREMIER FLOORCOVERING,GRASS VALLEY,CA,95945,http://www.premierfloors-gv.com/,(530) 273-3371
CARPET SHOWCASE,3527 JACOB ST,WHEELING,WV,26003,http://www.carpetshowcasellc.com/,(304) 232-2227
INDEPENDENT PAINT & FLOORING,219 S VICTORY DR,MANKATO,MN,56001,http://independentpaintandflooring.com/,(507) 345-5700
CARPET WEAVERS INC,1573 N STATE ROUTE 50,BOURBONNAIS,IL,60914,www.carpetweaversflooring.com,(815) 933-3115
M T DEARING CPT CO INC,7200 APPLE LEAF LANE,SELLERSBURG,IN,47172-1869,N/A,(812) 246-6577
TIM'S RIVER COMPANY INC,DBA CARPET MASTERS,SAINT JOSEPH,MO,64506,N/A,(816) 279-9329
TOTAL FLOOR COVERING INC,600 N WESTHILL BLVD,APPLETON,WI,54914,www.totalfloorcovering.com,(920) 735-5979
KDK LLC DBA AFFORDABLE FLOORS,1801 W EDGAR RD,LINDEN,NJ,7036,http://www.affordable-floors.com,(908) 862-2310
LEI FLOOR & WINDOW COVERINGS,430 ALAMAHA ST STE 103,KAHULUI,HI,96732,,(808) 871-1800
CARPET WEAVERS - DECATUR,1971 E PERSHING RD,DECATUR,IL,62526,,(217) 876-6980
JIM KLEMMER FLOORS INC,3022 VIRGINIA BEACH BLVD,VIRGINIA BEACH,VA,23452,,(757) 962-2384
DICORTE ENTERPRISES LLC,DBA/ADVANCED CARPET & INTS,WACO,TX,76702,,(254) 772-2171
TOMMYHAWK INC DBA,CARPET OUTLET THE,GILROY,CA,95020,,(408) 848-8678
"BJM,INC",DBA/NORTHWEST FLOORS,BILLINGS,MT,59102,,(406) 651-1808
RUFENERS INC,137 E OHIO AVE,RITTMAN,OH,44270,,(330) 925-5906
DIRECT CARPET FACTORY OUTLET,PREMIERE CARPET,GOLDSBORO,NC,27530,,(919) 751-1540
DAVID'S SUPER FLOOR STORE INC,13885 SOUTHWEST FREEWAY,SUGAR LAND,TX,77478,,(281) 491-1111
SMITTY'S CPT CONNECTION INC,2700 SUNSET BLVD,STEUBENVILLE,OH,43952,,(740) 283-3319
BUDGET CARPET OUTLET INC,684 MAIN ST SW,GAINESVILLE,GA,30501,,(770) 287-7846
FCB INC,DBA/FLOOR COVERING BROKERS,TRAVERSE CITY,MI,49686,,(231) 946-6366
TRISTATE CABINET DISTR INC,D/B/A TRISTATE INTERIORS,BRONX,NY,10461,,(718) 823-3340
"AMERICAN CATALOG CARPETS, INC",1050 W I65 SERVICES RD S,MOBILE,AL,36609,,(850) 484-4888
THE BURRELL CO LLC,DBA FLOORSCAPES,ALBUQUERQUE,NM,87113,,(505) 857-7043
WILLOWBROOK INTERIORS,JANCCO INC,COLDWATER,MI,49036,,(517) 278-8988
DONLEN INC,CARPET FOR LESS,SAINT LOUIS,MO,63128,,(314) 849-9442
MICHAEL S. BALIAN INC.,67555 E PALM CYN DR STE C113,CATHEDRAL CITY,CA,92234,,(760) 324-4979
COMMERCIAL FLOORING & MINI,BLINDS OF BATON ROUGE,BATON ROUGE,LA,70817,,(225) 293-3222
AMERICAN CARPET SALES OF,GULFSHORES,GULF SHORES,AL,36542,,(251) 967-7170
NORTH ACADEMY INTERIORS,3975 N ACADEMY BLVD,COLORADO SPRINGS,CO,80917,,(719) 637-7909
THE FLOOR STORE INC,THE FLOOR STORE,GILBERT,AZ,85233,,(480) 833-3445
MARQUIS FLOORS INC,4694 HIGHWAY 78,LILBURN,GA,30047,,(770) 972-2129
MARSH'S CARPET,9800A BUSINESS PARK DR,SACRAMENTO,CA,95827,,(916) 366-6938
WILLIAMS CARPET INC,1575 HASLETT ROAD,HASLETT,MI,48840,,(517) 339-9438
CORVINS GENERAL STORE INC,CORVIN FURNITURE & CARPET,ELIZABETHTOWN,KY,42701,,(270) 737-7579
NORTH GEORGIA FLRS & INTERIORS,470 MONROE STREET,CLARKESVILLE,GA,30523,,(706) 754-4432
FLOORSOURCE INC,BOX 190 LAMBETH STATION,LONDON,CN,N6P 1P9,,(519) 652-2014
CARPET WAREHOUSE INC,WOOD STOCK AVE,RUTLAND,VT,5701,,(802) 747-7331
HICKERSON FLOOR & TILE HAUS,2234 W M 32,GAYLORD,MI,49735,,(989) 731-1200
T R FLOORING INC,1328 BUFORD HWY,BUFORD,GA,30518,,(770) 945-5409
ALBRIGHT FLOORCOVERING CO INC,BILL ALBRIGHT,LOGANVILLE,GA,30052,,(770) 466-6100
KAKAR LLC,T/A FIRST AMERICAN CARPET,WOODBRIDGE,VA,22193,,(703) 690-0690
A C & FLOOR DECOR INC.,ACTION CARPET & FLOOR DECOR,OCEANSIDE,CA,92056,,(760) 726-6977
RITCHIES CARPET WAREHOUSE,19 PLAZA BLVD,MONCTON,CN,E1C OE8,,(506) 857-7040
FOREVER FLOORS INC,5407 GREEN BAY RD,KENOSHA,WI,53144,,(262) 654-4631
UNITED BUILDERS SUPPLY CO INC,10 OAK ST,WESTERLY,RI,2891,,(401) 596-6283
TEMPLETON FLOOR CO,734 S MAIN ST,TEMPLETON,CA,93465,,(805) 434-4284
HOME CHOICE FLOORING LLC,DB HOME CHOICE WINDOWS,KNOXVILLE,TN,37923,,(865) 357-7700
FLOORING CENTER THE,S4066 HIGHWAY 12,BARABOO,WI,53913,,(608) 356-6320
CAVENDER'S LLC,DBA: THE INTERIOR COMPANY,COOKEVILLE,TN,38506,,(931) 372-2211
TUFT-TEX CARPET INC,1325 N RIVER ST STE 2,PLAINS,PA,18702-1899,,(570) 823-3120
PONTRICH FLOOR COVERING,PONTRICH THOMAS E,SHELBYVILLE,KY,40065,,(502) 633-3308
NATIONAL CPT WHOLESALE,2431 CROFTON BLVD.,CROFTON,MD,21114,,(410) 451-1610
ROBSON COMMUNITIES INC,DBA FLOORING GALLERY & MORE,SUN LAKES,AZ,85248,,(480) 895-5424
COMFORT CARPETS INC,3120 N HOME ST,MISHAWAKA,IN,46545,,(574) 255-5903
MATTRESS & CARPET EXPRESS,8196 TERMINAL RD.,LORTON,VA,22079,,(703) 550-0193
CHEROKEE FLOOR COV INC,PO BOX 184,LEBANON,GA,30146,,(770) 926-6750
CORVINS FURNITURE & CARPET LLC,3465 E JOHN ROWAN BLVD,BARDSTOWN,KY,40004,,(502) 348-8747
CARPET CONCEPTS LLC,386 W MAIN ST STE 101,HENDERSONVILLE,TN,37075,,(615) 826-6449
TRADITIONAL FLOORS *FS,1800 HWY 23 NORTH EAST,SAINT CLOUD,MN,56304,,(320) 251-1520
WHOLESALE FLOORING,10 LAFAYETTE RD,NORTH HAMPTON,NH,3862,,(603) 964-4802
SON-SHINE FLOOR COVERING LTD,31065 RYAN RD,WARREN,MI,48092,,(586) 795-5802
"ZERSEN FLOORING, INC.",412 8TH ST,MONROE,WI,53566,,(608) 325-5504
EADEH HANNAH RUG,WELSH & N WALES,NORTH WALES,PA,19454,,(215) 362-2680
THE PAINT DEPOT INC.,DBA THE PAINT & CARPET DEPOT,LITTLE ROCK,AR,72211,,(501) 225-5187
NORTHEAST INTERIOR CONST INC,NORTHEAST CARPET CENTER,NEW MILFORD,CT,6776,,(860) 354-4260
DEVO CORPORATION,MCCRACKEN'S,RUIDOSO,NM,88345-7206,,(575) 258-8880
HOUSE OF CARPET INC,DBA/CARPET EXPRESS,ROCKY POINT,NY,11778,,(631) 399-9189
MENKE INC,3142 S 27TH ST,ABILENE,TX,79605,,(325) 673-3509
H & H CARPETS INC,1251 WATSON BLVD,WARNER ROBINS,GA,31093,,(478) 922-2774
FACTORY FLOORING DIRECT,7666 HIGHWAY 36,LAKE POINT,UT,84074,,(801) 250-0079
GRAND STRAND FLOORS INC,1917 10TH AVE NORTH,MYRTLE BEACH,SC,29577-5652,,(843) 626-6322
BURNS FLOORING & DESIGN LLC,6256 CYPRESS GARDENS BLVD,WINTER HAVEN,FL,33884-3177,,(863) 299-9908
BENNETTS CARPETS INC,ATTN: IVAN BENNETT,RUSSELL SPRINGS,KY,42642,,(270) 866-6693
BY DESIGN FLOOR COV,2628 LAVERY CT STE 401,NEWBURY PARK,CA,91320,,(805) 376-6958
CARPET WORKS OF CHEYENNE INC,3573 E LINCOLN WAY STE G2,CHEYENNE,WY,82001,,(307) 778-8317
JAYNES RONNIE CARPET CTR INC,JAYNES FLOORING OUTLET,GREENEVILLE,TN,37744,,(423) 639-9190
QUALITY CARPET OUTLET INC,3680 N. ACCESS ROAD,ENGLEWOOD,FL,34224,,(941) 474-4007
PERRYSBURG FLOOR COVERING LLC,27072 CARRONADE DR STE H,PERRYSBURG,OH,43551,,(419) 872-2491
FLOORMART LLC,DBA/FLOOR RENDITIONS,PHOENIX,AZ,85032,,(999) 999-9999
COLAUTTI BROS MARBLE TILE AND,CARPET (1985) INC,WINDSOR,CN,N8X 3X7,,(519) 966-6111
CUSTOM HOME INTERIORS INC,225 S COCHRAN AVE,CHARLOTTE,MI,48813,,(517) 543-3712
"110%, INC",DBA  GREAT AMERICAN FLOORS,NORCROSS,GA,30071,,(770) 399-9911
BOGARTS CPT & FLOOR COVERING,1011 US HIGHWAY 46,LEDGEWOOD,NJ,7852,,(973) 252-2240
MEYER FLOOR COV INC,8400 SOUTH TACOMA WAY,TACOMA,WA,98499,,(253) 588-8667
MID WISCONSIN FLOORING LLC,5600 WOODLAND ST STE B,STEVENS POINT,WI,54481,,(715) 343-3539
DCS WAREHOUSE OUTLET C/O,C/O WHSE,ALBANY,NY,12206,,(518) 459-9020
FLOORWARE INC,1319 SHEPARD DR STE D,STERLING,VA,20164,,(703) 796-6229
NEW BEGINNINGS FLOORING,20 WHITTEN RD,AUGUSTA,ME,4330,,(207) 512-2865
MIGALA RUG & TILE LLC,2670 NILES RD,SAINT JOSEPH,MI,49085,,(269) 429-9800
S & C FLOORING,OGDENS CARPET OUTLET,CEDAR CITY,UT,84721-9790,,(435) 867-7177
WEST MICHIGAN CPT BROKERS INC,53109 MAIN STREET,MATTAWAN,MI,49071-0428,,(269) 668-8537
JIMMY STUART'S,325 MARKET ST,WARREN,RI,2885,,(401) 289-9270
DESIGN PLUS INTERIORS LLC,4460 E MAIN ST,MESA,AZ,85205,,(480) 807-7446
WE'LL FLOOR U INC,201 W MONTAUK HWY,HAMPTON BAYS,NY,11946,,(631) 728-8735
MC CALLS FLOOR MART,458 W LITTLE OAKS RD,ROLLA,MO,65401,,(573) 364-4781
FLAGSHIP FLOORS INC,1246 E MAIN ST,LEAGUE CITY,TX,77573,,(281) 332-2227
MILFAIR LINOLEUM & CPT CO INC,634 STEUBENVILLE AVE,CAMBRIDGE,OH,43725,,(740) 432-2393
CARPET MILL,715 N MAIN ST,MOSCOW,ID,83843,,(208) 883-3556
DONS MOBILE CARPET INC,1210 W COLLINS DR,CASPER,WY,82604,,(307) 265-5844
"CARPET SPECTRUM, INC.",2212 LOMITA BLVD,LOMITA,CA,90717,,(310) 539-9881
TILE WORKS & MORE INC,395 SOUTH LOCUST (RT 50),MANTENO,IL,60950,,(815) 468-8878
REAM INC,DBA FLOOR STORE USA,SAND CITY,CA,93955,,(831) 583-3912
WORLDWIDE IMPEX CORP.,KORKMAZ RUGS & FLOORING,RUTHERFORD,NJ,7070,,(201) 372-2009
FLOORING MART LLC THE,1261 PASS RD,GULFPORT,MS,39501,,(228) 864-4411
ARBUCKLE FLRG & FINE STONE INC,1211 VETERANS BLVD,ARDMORE,OK,73401,,(580) 223-3492
DESIGNER FLOORS,FROST DAVID,NASHVILLE,TN,37221,,(615) 646-6229
FLOOR WORKS INC,"BARNETT, DAVID",DALLAS,GA,30157,,(770) 445-5626
QUALITY FLOOR COVERING,3235 E HAMILTON AVE,EAU CLAIRE,WI,54701,,(715) 855-5114
PIEDMONT FLOOR DESIGN LLC,2011 ENTERPRISE DR,FOREST,VA,24551,,(434) 316-6598
CARPET & RUG DEPOT,AHJ MARKETING INC,PORTLAND,ME,04103-5904,,(207) 775-5781
SHEPARDS FLOORS,413 WESTERN BLVD,JACKSONVILLE,NC,28546,,(910) 347-7222
MENOMONIE FLOORING CENTER,1701 STOUT RD STE A,MENOMONIE,WI,54751,,(715) 233-3100
FLOOR STORE THE,TFS COMPANY INC,FARMINGDALE,NY,11735,,(631) 752-2752
FLETCHERS WAREHOUSE CARPET,FLETCHER DEE INC,KNOX,IN,46534,,(574) 772-2708
DANNYS HOUSE OF CARPET INC,1670 W SOUTH LOOP,STEPHENVILLE,TX,76401,,(254) 968-8288
LEATHER GALLERY,9901 INDIANA AVE STE 104,RIVERSIDE,CA,92503,,(951) 351-1991
CONTRACT INTERIORS INC,PO BOX 13,GRAND ISLAND,NY,14072,,(716) 773-3699
GREER'S DON FASHION FLOOR,GREER DON JR,WASHINGTON,PA,15301,,(724) 228-8225
BAER INC,BILLING ACCT ONLY,EASTON,PA,18042,,(610) 258-8394
FINISHING TOUCH DESIGN STUDIO,302 S 2ND ST,ABERDEEN,SD,57401,,(605) 225-5424
FLOOR CENTER,43421 K-BEACH ROAD,SOLDOTNA,AK,99669,,(907) 260-0664
RIVERSIDE INTERIORS DULUTH,DBA GREGORY'S PAINT & FLOORING,JOHNS CREEK,GA,30097,,(770) 476-6965
HOUSE 2 HOME RETAIL INC,PO BOX 530672,HENDERSON,NV,89053,,(702) 888-8666
MORSE CLARK FURNITURE CO,219 W HOUGHTON AVE,WEST BRANCH,MI,48661,,(989) 345-5035
REDLINE MANAGEMENT INC,5186 NORTHWEST HWY,CRYSTAL LAKE,IL,60014,,(815) 459-9311
HENCO INC,P.O. BOX 547,SELMER,TN,38375,,(731) 645-5325
COURTLEE INTERIORS INC,2499 WEST MARKET ST,TIFFIN,OH,44883,,(419) 447-7175
MERIDA INC DBA BOUNTIFUL,218 N WASHINGTON ST,EASTON,MD,21601,,(410) 763-3850
MIKE'S CARPET INC,4005 PRINCE ST,CONWAY,AR,72034,,(501) 505-5802
OLEMILL INC.,DBA SUPERIOR FLOOR COVERING,SANTA ROSA,CA,95401,,(707) 575-5933
KAREN'S CARPET SALES INC.,1961 CLINTON HWY,POWELL,TN,37849,,(865) 945-5335
JIM OWENS CARPET CORP,MANDEVILLE STORE,METAIRIE,LA,70001,,(504) 835-5696
STR INC,D/B/A ELEGANT FLOOR LLC,SHELBURNE,VT,5482,,(802) 448-8306
FOUR STAR FLOORING INC,52 DOW ST,MANCHESTER,NH,03101-1211,,(603) 624-4782
K A R  INC.,CHURCHVILLE TILE & MARBLE,FOREST HILL,MD,21050,,(410) 879-9301
HILLTOP CARPET,G&R WAGNER ENTERPRISES INC,BARBOURSVILLE,WV,25504,,(304) 736-6394
CURTIS CARPETS,614 OLIVE ST,SANTA BARBARA,CA,93101,,(805) 963-3192
WWTT INTERIORS INC,OLIVERS HOUSE OF CPT & FURN,PRUDENVILLE,MI,48651,,(989) 366-6724
NASSAU'S FURNITURE CO,1315 JOHN FITCH BLVD,SOUTH WINDSOR,CT,6074,,(860) 291-1285
FLOORSCAPES BY FARIS LLC,1020 TOWNE SQUARE DR STE 2,GREENSBURG,PA,15601,,(724) 216-6561
SELYANS ORIENTAL RUGS LTD,1783 AVENUE RD,TORONTO,CN,M5M 3Y8,,(416) 781-1203
WEST VALLEY CARPET & FLRNG LTD,"#101, 12018 SYMONS VALLEY RD N",CALGARY,CN,T3P 0A3,,(403) 614-4581
EDIES DECOR LTD,PO BOX 10671 A P O,GRAND CAYMAN,,,,(345) 949-9634